"Step","no_attack - train/loss","no_attack - train/loss__MIN","no_attack - train/loss__MAX"
"1","0.7034","0.7034","0.7034"
"2","0.6928","0.6928","0.6928"
"3","0.695","0.695","0.695"
"4","0.7028","0.7028","0.7028"
"5","0.6956","0.6956","0.6956"
"6","0.6916","0.6916","0.6916"
"7","0.6874","0.6874","0.6874"
"8","0.6766","0.6766","0.6766"
"9","0.6602","0.6602","0.6602"
"10","0.6357","0.6357","0.6357"
"11","0.5762","0.5762","0.5762"
"12","0.5056","0.5056","0.5056"
"13","0.4672","0.4672","0.4672"
"14","0.3565","0.3565","0.3565"
"15","0.4475","0.4475","0.4475"
"16","0.4059","0.4059","0.4059"
"17","0.301","0.301","0.301"
"18","0.3943","0.3943","0.3943"
"19","0.3673","0.3673","0.3673"
"20","0.369","0.369","0.369"
"21","0.3689","0.3689","0.3689"
"22","0.3425","0.3425","0.3425"
"23","0.3773","0.3773","0.3773"
"24","0.3182","0.3182","0.3182"
"25","0.3099","0.3099","0.3099"
"26","0.2873","0.2873","0.2873"
"27","0.4133","0.4133","0.4133"
"28","0.2697","0.2697","0.2697"
"29","0.3741","0.3741","0.3741"
"30","0.3892","0.3892","0.3892"
"31","0.4438","0.4438","0.4438"
"32","0.2956","0.2956","0.2956"
"33","0.3613","0.3613","0.3613"
"34","0.3947","0.3947","0.3947"
"35","0.2824","0.2824","0.2824"
"36","0.3817","0.3817","0.3817"
"37","0.2804","0.2804","0.2804"
"38","0.3424","0.3424","0.3424"
"39","0.3002","0.3002","0.3002"
"40","0.3307","0.3307","0.3307"
"41","0.3363","0.3363","0.3363"
"42","0.3032","0.3032","0.3032"
"43","0.262","0.262","0.262"
"44","0.3276","0.3276","0.3276"
"45","0.3483","0.3483","0.3483"
"46","0.2837","0.2837","0.2837"
"47","0.2934","0.2934","0.2934"
"48","0.2672","0.2672","0.2672"
"49","0.3368","0.3368","0.3368"
"50","0.3377","0.3377","0.3377"
"51","0.2594","0.2594","0.2594"
"52","0.2091","0.2091","0.2091"
"53","0.249","0.249","0.249"
"54","0.2501","0.2501","0.2501"
"55","0.3735","0.3735","0.3735"
"56","0.2912","0.2912","0.2912"
"57","0.3011","0.3011","0.3011"
"58","0.2192","0.2192","0.2192"
"59","0.266","0.266","0.266"
"60","0.3599","0.3599","0.3599"
"61","0.32","0.32","0.32"
"62","0.2833","0.2833","0.2833"
"63","0.2927","0.2927","0.2927"
"64","0.2677","0.2677","0.2677"
"65","0.2199","0.2199","0.2199"
"66","0.3232","0.3232","0.3232"
"67","0.2158","0.2158","0.2158"
"68","0.3565","0.3565","0.3565"
"69","0.3332","0.3332","0.3332"
"70","0.2798","0.2798","0.2798"
"71","0.3186","0.3186","0.3186"
"72","0.3255","0.3255","0.3255"
"73","0.2734","0.2734","0.2734"
"74","0.347","0.347","0.347"
"75","0.2736","0.2736","0.2736"
"76","0.2671","0.2671","0.2671"
"77","0.2937","0.2937","0.2937"
"78","0.2545","0.2545","0.2545"
"79","0.2889","0.2889","0.2889"
"80","0.2745","0.2745","0.2745"
"81","0.4751","0.4751","0.4751"
"82","0.3338","0.3338","0.3338"
"83","0.3043","0.3043","0.3043"
"84","0.3664","0.3664","0.3664"
"85","0.2342","0.2342","0.2342"
"86","0.2441","0.2441","0.2441"
"87","0.2951","0.2951","0.2951"
"88","0.2491","0.2491","0.2491"
"89","0.3059","0.3059","0.3059"
"90","0.2157","0.2157","0.2157"
"91","0.2657","0.2657","0.2657"
"92","0.2816","0.2816","0.2816"
"93","0.2656","0.2656","0.2656"
"94","0.2907","0.2907","0.2907"
"95","0.2884","0.2884","0.2884"
"96","0.3056","0.3056","0.3056"
"97","0.2189","0.2189","0.2189"
"98","0.1854","0.1854","0.1854"
"99","0.2786","0.2786","0.2786"
"100","0.2784","0.2784","0.2784"
"101","0.2699","0.2699","0.2699"
"102","0.235","0.235","0.235"
"103","0.2575","0.2575","0.2575"
"104","0.2623","0.2623","0.2623"
"105","0.2379","0.2379","0.2379"
"106","0.2332","0.2332","0.2332"
"107","0.2696","0.2696","0.2696"
"108","0.1951","0.1951","0.1951"
"109","0.2559","0.2559","0.2559"
"110","0.2224","0.2224","0.2224"
"111","0.2439","0.2439","0.2439"
"112","0.256","0.256","0.256"
"113","0.2621","0.2621","0.2621"
"114","0.3543","0.3543","0.3543"
"115","0.3029","0.3029","0.3029"
"116","0.3055","0.3055","0.3055"
"117","0.2787","0.2787","0.2787"
"118","0.2762","0.2762","0.2762"
"119","0.2695","0.2695","0.2695"
"120","0.267","0.267","0.267"
"121","0.238","0.238","0.238"
"122","0.2966","0.2966","0.2966"
"123","0.2182","0.2182","0.2182"
"124","0.2707","0.2707","0.2707"
"125","0.3104","0.3104","0.3104"
"126","0.2678","0.2678","0.2678"
"127","0.2065","0.2065","0.2065"
"128","0.2829","0.2829","0.2829"
"129","0.2817","0.2817","0.2817"
"130","0.3112","0.3112","0.3112"
"131","0.3806","0.3806","0.3806"
"132","0.2146","0.2146","0.2146"
"133","0.2037","0.2037","0.2037"
"134","0.1686","0.1686","0.1686"
"135","0.2081","0.2081","0.2081"
"136","0.2281","0.2281","0.2281"
"137","0.1996","0.1996","0.1996"
"138","0.1394","0.1394","0.1394"
"139","0.2517","0.2517","0.2517"
"140","0.3728","0.3728","0.3728"
"141","0.2704","0.2704","0.2704"
"142","0.2806","0.2806","0.2806"
"143","0.2074","0.2074","0.2074"
"144","0.3202","0.3202","0.3202"
"145","0.3452","0.3452","0.3452"
"146","0.2495","0.2495","0.2495"
"147","0.1362","0.1362","0.1362"
"148","0.1976","0.1976","0.1976"
"149","0.2574","0.2574","0.2574"
"150","0.2695","0.2695","0.2695"
"151","0.3152","0.3152","0.3152"
"152","0.1914","0.1914","0.1914"
"153","0.248","0.248","0.248"
"154","0.2318","0.2318","0.2318"
"155","0.2283","0.2283","0.2283"
"156","0.2518","0.2518","0.2518"
"157","0.2389","0.2389","0.2389"
"158","0.1824","0.1824","0.1824"
"159","0.1831","0.1831","0.1831"
"160","0.1648","0.1648","0.1648"
"161","0.2043","0.2043","0.2043"
"162","0.2443","0.2443","0.2443"
"163","0.1674","0.1674","0.1674"
"164","0.179","0.179","0.179"
"165","0.1953","0.1953","0.1953"
"166","0.1981","0.1981","0.1981"
"167","0.167","0.167","0.167"
"168","0.137","0.137","0.137"
"169","0.2553","0.2553","0.2553"
"170","0.1501","0.1501","0.1501"
"171","0.178","0.178","0.178"
"172","0.2825","0.2825","0.2825"
"173","0.2922","0.2922","0.2922"
"174","0.1799","0.1799","0.1799"
"175","0.1749","0.1749","0.1749"
"176","0.1599","0.1599","0.1599"
"177","0.2255","0.2255","0.2255"
"178","0.2215","0.2215","0.2215"
"179","0.2037","0.2037","0.2037"
"180","0.2325","0.2325","0.2325"
"181","0.1652","0.1652","0.1652"
"182","0.2846","0.2846","0.2846"
"183","0.1929","0.1929","0.1929"
"184","0.221","0.221","0.221"
"185","0.1628","0.1628","0.1628"
"186","0.1605","0.1605","0.1605"
"187","0.2026","0.2026","0.2026"
"188","0.1843","0.1843","0.1843"
"189","0.2522","0.2522","0.2522"
"190","0.1837","0.1837","0.1837"
"191","0.2325","0.2325","0.2325"
"192","0.1222","0.1222","0.1222"
"193","0.1932","0.1932","0.1932"
"194","0.2964","0.2964","0.2964"
"195","0.22","0.22","0.22"
"196","0.1766","0.1766","0.1766"
"197","0.2794","0.2794","0.2794"
"198","0.181","0.181","0.181"
"199","0.1977","0.1977","0.1977"
"200","0.1998","0.1998","0.1998"
"201","0.1703","0.1703","0.1703"
"202","0.223","0.223","0.223"
"203","0.2594","0.2594","0.2594"
"204","0.2809","0.2809","0.2809"
"205","0.2109","0.2109","0.2109"
"206","0.1349","0.1349","0.1349"
"207","0.1926","0.1926","0.1926"
"208","0.164","0.164","0.164"
"209","0.2502","0.2502","0.2502"
"210","0.2094","0.2094","0.2094"
"211","0.1764","0.1764","0.1764"
"212","0.2189","0.2189","0.2189"
"213","0.2619","0.2619","0.2619"
"214","0.1406","0.1406","0.1406"
"215","0.1544","0.1544","0.1544"
"216","0.2015","0.2015","0.2015"
"217","0.2592","0.2592","0.2592"
"218","0.1954","0.1954","0.1954"
"219","0.2087","0.2087","0.2087"
"220","0.2594","0.2594","0.2594"
"221","0.2483","0.2483","0.2483"
"222","0.2412","0.2412","0.2412"
"223","0.2295","0.2295","0.2295"
"224","0.1539","0.1539","0.1539"
"225","0.2226","0.2226","0.2226"
"226","0.1987","0.1987","0.1987"
"227","0.2222","0.2222","0.2222"
"228","0.2738","0.2738","0.2738"
"229","0.1092","0.1092","0.1092"
"230","0.1694","0.1694","0.1694"
"231","0.2373","0.2373","0.2373"
"232","0.2596","0.2596","0.2596"
"233","0.1801","0.1801","0.1801"
"234","0.2791","0.2791","0.2791"
"235","0.2325","0.2325","0.2325"
"236","0.2274","0.2274","0.2274"
"237","0.2377","0.2377","0.2377"
"238","0.1939","0.1939","0.1939"
"239","0.3035","0.3035","0.3035"
"240","0.2065","0.2065","0.2065"
"241","0.218","0.218","0.218"
"242","0.2141","0.2141","0.2141"
"243","0.2158","0.2158","0.2158"
"244","0.2506","0.2506","0.2506"
"245","0.2442","0.2442","0.2442"
"246","0.2384","0.2384","0.2384"
"247","0.1633","0.1633","0.1633"
"248","0.2105","0.2105","0.2105"
"249","0.1683","0.1683","0.1683"
"250","0.2209","0.2209","0.2209"
"251","0.1446","0.1446","0.1446"
"252","0.2652","0.2652","0.2652"
"253","0.2138","0.2138","0.2138"
"254","0.1896","0.1896","0.1896"
"255","0.2456","0.2456","0.2456"
"256","0.2692","0.2692","0.2692"
"257","0.3183","0.3183","0.3183"
"258","0.2223","0.2223","0.2223"
"259","0.1867","0.1867","0.1867"
"260","0.1598","0.1598","0.1598"
"261","0.2256","0.2256","0.2256"
"262","0.2012","0.2012","0.2012"
"263","0.2104","0.2104","0.2104"
"264","0.1572","0.1572","0.1572"
"265","0.1256","0.1256","0.1256"
"266","0.1047","0.1047","0.1047"
"267","0.1498","0.1498","0.1498"
"268","0.185","0.185","0.185"
"269","0.1505","0.1505","0.1505"
"270","0.1786","0.1786","0.1786"
"271","0.1361","0.1361","0.1361"
"272","0.16","0.16","0.16"
"273","0.1555","0.1555","0.1555"
"274","0.1898","0.1898","0.1898"
"275","0.114","0.114","0.114"
"276","0.1256","0.1256","0.1256"
"277","0.1767","0.1767","0.1767"
"278","0.1337","0.1337","0.1337"
"279","0.1696","0.1696","0.1696"
"280","0.1404","0.1404","0.1404"
"281","0.1498","0.1498","0.1498"
"282","0.153","0.153","0.153"
"283","0.1399","0.1399","0.1399"
"284","0.0971","0.0971","0.0971"
"285","0.1909","0.1909","0.1909"
"286","0.1433","0.1433","0.1433"
"287","0.1119","0.1119","0.1119"
"288","0.1476","0.1476","0.1476"
"289","0.1491","0.1491","0.1491"
"290","0.1465","0.1465","0.1465"
"291","0.1096","0.1096","0.1096"
"292","0.1978","0.1978","0.1978"
"293","0.1351","0.1351","0.1351"
"294","0.2959","0.2959","0.2959"
"295","0.1497","0.1497","0.1497"
"296","0.1843","0.1843","0.1843"
"297","0.1503","0.1503","0.1503"
"298","0.1818","0.1818","0.1818"
"299","0.1988","0.1988","0.1988"
"300","0.1772","0.1772","0.1772"
"301","0.1379","0.1379","0.1379"
"302","0.1697","0.1697","0.1697"
"303","0.1652","0.1652","0.1652"
"304","0.1112","0.1112","0.1112"
"305","0.1396","0.1396","0.1396"
"306","0.1151","0.1151","0.1151"
"307","0.2083","0.2083","0.2083"
"308","0.1531","0.1531","0.1531"
"309","0.1532","0.1532","0.1532"
"310","0.1425","0.1425","0.1425"
"311","0.1166","0.1166","0.1166"
"312","0.1337","0.1337","0.1337"
"313","0.1493","0.1493","0.1493"
"314","0.1553","0.1553","0.1553"
"315","0.1619","0.1619","0.1619"
"316","0.1379","0.1379","0.1379"
"317","0.1671","0.1671","0.1671"
"318","0.2299","0.2299","0.2299"
"319","0.1385","0.1385","0.1385"
"320","0.2048","0.2048","0.2048"
"321","0.137","0.137","0.137"
"322","0.2031","0.2031","0.2031"
"323","0.123","0.123","0.123"
"324","0.1065","0.1065","0.1065"
"325","0.1709","0.1709","0.1709"
"326","0.1433","0.1433","0.1433"
"327","0.1527","0.1527","0.1527"
"328","0.1872","0.1872","0.1872"
"329","0.1592","0.1592","0.1592"
"330","0.1497","0.1497","0.1497"
"331","0.2074","0.2074","0.2074"
"332","0.1571","0.1571","0.1571"
"333","0.1229","0.1229","0.1229"
"334","0.196","0.196","0.196"
"335","0.2002","0.2002","0.2002"
"336","0.1413","0.1413","0.1413"
"337","0.1628","0.1628","0.1628"
"338","0.1329","0.1329","0.1329"
"339","0.0994","0.0994","0.0994"
"340","0.1152","0.1152","0.1152"
"341","0.1865","0.1865","0.1865"
"342","0.1763","0.1763","0.1763"
"343","0.1102","0.1102","0.1102"
"344","0.2308","0.2308","0.2308"
"345","0.1581","0.1581","0.1581"
"346","0.0929","0.0929","0.0929"
"347","0.2141","0.2141","0.2141"
"348","0.1351","0.1351","0.1351"
"349","0.1359","0.1359","0.1359"
"350","0.0933","0.0933","0.0933"
"351","0.0788","0.0788","0.0788"
"352","0.1812","0.1812","0.1812"
"353","0.124","0.124","0.124"
"354","0.1658","0.1658","0.1658"
"355","0.289","0.289","0.289"
"356","0.171","0.171","0.171"
"357","0.095","0.095","0.095"
"358","0.1612","0.1612","0.1612"
"359","0.1126","0.1126","0.1126"
"360","0.1983","0.1983","0.1983"
"361","0.1228","0.1228","0.1228"
"362","0.1539","0.1539","0.1539"
"363","0.1288","0.1288","0.1288"
"364","0.1359","0.1359","0.1359"
"365","0.0839","0.0839","0.0839"
"366","0.1947","0.1947","0.1947"
"367","0.1146","0.1146","0.1146"
"368","0.162","0.162","0.162"
"369","0.1947","0.1947","0.1947"
"370","0.1455","0.1455","0.1455"
"371","0.1884","0.1884","0.1884"
"372","0.1834","0.1834","0.1834"
"373","0.127","0.127","0.127"
"374","0.1609","0.1609","0.1609"
"375","0.1264","0.1264","0.1264"
"376","0.142","0.142","0.142"
"377","0.1619","0.1619","0.1619"
"378","0.1267","0.1267","0.1267"
"379","0.132","0.132","0.132"
"380","0.1296","0.1296","0.1296"
"381","0.1775","0.1775","0.1775"
"382","0.0849","0.0849","0.0849"
"383","0.1289","0.1289","0.1289"
"384","0.1446","0.1446","0.1446"
"385","0.1918","0.1918","0.1918"
"386","0.1579","0.1579","0.1579"
"387","0.1473","0.1473","0.1473"
"388","0.0918","0.0918","0.0918"
"389","0.1743","0.1743","0.1743"
"390","0.1917","0.1917","0.1917"
"391","0.1743","0.1743","0.1743"
"392","0.1449","0.1449","0.1449"
"393","0.1263","0.1263","0.1263"
"394","0.1467","0.1467","0.1467"
"395","0.0863","0.0863","0.0863"
"396","0.0932","0.0932","0.0932"
"397","0.1139","0.1139","0.1139"
"398","0.1235","0.1235","0.1235"
"399","0.0999","0.0999","0.0999"
"400","0.1345","0.1345","0.1345"
"401","0.085","0.085","0.085"
"402","0.0721","0.0721","0.0721"
"403","0.1974","0.1974","0.1974"
"404","0.1139","0.1139","0.1139"
"405","0.0999","0.0999","0.0999"
"406","0.0848","0.0848","0.0848"
"407","0.1124","0.1124","0.1124"
"408","0.1377","0.1377","0.1377"
"409","0.1095","0.1095","0.1095"
"410","0.0666","0.0666","0.0666"
"411","0.0996","0.0996","0.0996"
"412","0.0726","0.0726","0.0726"
"413","0.0836","0.0836","0.0836"
"414","0.1163","0.1163","0.1163"
"415","0.0874","0.0874","0.0874"
"416","0.0998","0.0998","0.0998"
"417","0.1369","0.1369","0.1369"
"418","0.0565","0.0565","0.0565"
"419","0.1157","0.1157","0.1157"
"420","0.1609","0.1609","0.1609"
"421","0.1847","0.1847","0.1847"
"422","0.0772","0.0772","0.0772"
"423","0.1336","0.1336","0.1336"
"424","0.143","0.143","0.143"
"425","0.0911","0.0911","0.0911"
"426","0.1734","0.1734","0.1734"
"427","0.1872","0.1872","0.1872"
"428","0.1591","0.1591","0.1591"
"429","0.0918","0.0918","0.0918"
"430","0.1016","0.1016","0.1016"
"431","0.064","0.064","0.064"
"432","0.1101","0.1101","0.1101"
"433","0.1766","0.1766","0.1766"
"434","0.1068","0.1068","0.1068"
"435","0.094","0.094","0.094"
"436","0.167","0.167","0.167"
"437","0.1042","0.1042","0.1042"
"438","0.1095","0.1095","0.1095"
"439","0.119","0.119","0.119"
"440","0.0744","0.0744","0.0744"
"441","0.1566","0.1566","0.1566"
"442","0.0844","0.0844","0.0844"
"443","0.0974","0.0974","0.0974"
"444","0.1483","0.1483","0.1483"
"445","0.1062","0.1062","0.1062"
"446","0.0774","0.0774","0.0774"
"447","0.1277","0.1277","0.1277"
"448","0.1395","0.1395","0.1395"
"449","0.1634","0.1634","0.1634"
"450","0.0918","0.0918","0.0918"
"451","0.1326","0.1326","0.1326"
"452","0.0955","0.0955","0.0955"
"453","0.0667","0.0667","0.0667"
"454","0.1103","0.1103","0.1103"
"455","0.0995","0.0995","0.0995"
"456","0.1662","0.1662","0.1662"
"457","0.1431","0.1431","0.1431"
"458","0.1387","0.1387","0.1387"
"459","0.104","0.104","0.104"
"460","0.12","0.12","0.12"
"461","0.0835","0.0835","0.0835"
"462","0.1112","0.1112","0.1112"
"463","0.1376","0.1376","0.1376"
"464","0.1235","0.1235","0.1235"
"465","0.0957","0.0957","0.0957"
"466","0.1357","0.1357","0.1357"
"467","0.1427","0.1427","0.1427"
"468","0.1401","0.1401","0.1401"
"469","0.0895","0.0895","0.0895"
"470","0.1254","0.1254","0.1254"
"471","0.0711","0.0711","0.0711"
"472","0.1634","0.1634","0.1634"
"473","0.1025","0.1025","0.1025"
"474","0.0972","0.0972","0.0972"
"475","0.0946","0.0946","0.0946"
"476","0.0948","0.0948","0.0948"
"477","0.125","0.125","0.125"
"478","0.0711","0.0711","0.0711"
"479","0.0853","0.0853","0.0853"
"480","0.0636","0.0636","0.0636"
"481","0.0712","0.0712","0.0712"
"482","0.0641","0.0641","0.0641"
"483","0.1068","0.1068","0.1068"
"484","0.1067","0.1067","0.1067"
"485","0.1906","0.1906","0.1906"
"486","0.13","0.13","0.13"
"487","0.0622","0.0622","0.0622"
"488","0.1033","0.1033","0.1033"
"489","0.0863","0.0863","0.0863"
"490","0.1587","0.1587","0.1587"
"491","0.0663","0.0663","0.0663"
"492","0.1035","0.1035","0.1035"
"493","0.1458","0.1458","0.1458"
"494","0.1249","0.1249","0.1249"
"495","0.0765","0.0765","0.0765"
"496","0.0992","0.0992","0.0992"
"497","0.1192","0.1192","0.1192"
"498","0.0867","0.0867","0.0867"
"499","0.0668","0.0668","0.0668"
"500","0.121","0.121","0.121"
"501","0.158","0.158","0.158"
"502","0.0681","0.0681","0.0681"
"503","0.1761","0.1761","0.1761"
"504","0.0475","0.0475","0.0475"
"505","0.1","0.1","0.1"
"506","0.0755","0.0755","0.0755"
"507","0.0817","0.0817","0.0817"
"508","0.1227","0.1227","0.1227"
"509","0.1009","0.1009","0.1009"
"510","0.0684","0.0684","0.0684"
"511","0.1059","0.1059","0.1059"
"512","0.0964","0.0964","0.0964"
"513","0.0578","0.0578","0.0578"
"514","0.1215","0.1215","0.1215"
"515","0.1018","0.1018","0.1018"
"516","0.1045","0.1045","0.1045"
"517","0.0317","0.0317","0.0317"
"518","0.1288","0.1288","0.1288"
"519","0.143","0.143","0.143"
"520","0.1619","0.1619","0.1619"
"521","0.1523","0.1523","0.1523"
"522","0.0967","0.0967","0.0967"
"523","0.0953","0.0953","0.0953"
"524","0.0825","0.0825","0.0825"
"525","0.0472","0.0472","0.0472"
"526","0.1091","0.1091","0.1091"
"527","0.0821","0.0821","0.0821"
"528","0.0884","0.0884","0.0884"
"529","0.0613","0.0613","0.0613"
"530","0.0577","0.0577","0.0577"
"531","0.0244","0.0244","0.0244"
"532","0.1102","0.1102","0.1102"
"533","0.0798","0.0798","0.0798"
"534","0.0363","0.0363","0.0363"
"535","0.0872","0.0872","0.0872"
"536","0.0931","0.0931","0.0931"
"537","0.0835","0.0835","0.0835"
"538","0.0647","0.0647","0.0647"
"539","0.0409","0.0409","0.0409"
"540","0.038","0.038","0.038"
"541","0.1082","0.1082","0.1082"
"542","0.063","0.063","0.063"
"543","0.0345","0.0345","0.0345"
"544","0.0613","0.0613","0.0613"
"545","0.0571","0.0571","0.0571"
"546","0.0628","0.0628","0.0628"
"547","0.0546","0.0546","0.0546"
"548","0.0593","0.0593","0.0593"
"549","0.0616","0.0616","0.0616"
"550","0.0627","0.0627","0.0627"
"551","0.0715","0.0715","0.0715"
"552","0.0726","0.0726","0.0726"
"553","0.0932","0.0932","0.0932"
"554","0.0832","0.0832","0.0832"
"555","0.0765","0.0765","0.0765"
"556","0.0805","0.0805","0.0805"
"557","0.0823","0.0823","0.0823"
"558","0.0774","0.0774","0.0774"
"559","0.1085","0.1085","0.1085"
"560","0.064","0.064","0.064"
"561","0.0697","0.0697","0.0697"
"562","0.0932","0.0932","0.0932"
"563","0.0708","0.0708","0.0708"
"564","0.1246","0.1246","0.1246"
"565","0.0739","0.0739","0.0739"
"566","0.047","0.047","0.047"
"567","0.0843","0.0843","0.0843"
"568","0.0472","0.0472","0.0472"
"569","0.0206","0.0206","0.0206"
"570","0.0831","0.0831","0.0831"
"571","0.0435","0.0435","0.0435"
"572","0.0785","0.0785","0.0785"
"573","0.0624","0.0624","0.0624"
"574","0.0693","0.0693","0.0693"
"575","0.1047","0.1047","0.1047"
"576","0.073","0.073","0.073"
"577","0.0224","0.0224","0.0224"
"578","0.0933","0.0933","0.0933"
"579","0.0762","0.0762","0.0762"
"580","0.0588","0.0588","0.0588"
"581","0.0606","0.0606","0.0606"
"582","0.1042","0.1042","0.1042"
"583","0.0744","0.0744","0.0744"
"584","0.0683","0.0683","0.0683"
"585","0.0785","0.0785","0.0785"
"586","0.0691","0.0691","0.0691"
"587","0.1027","0.1027","0.1027"
"588","0.0724","0.0724","0.0724"
"589","0.1106","0.1106","0.1106"
"590","0.051","0.051","0.051"
"591","0.0448","0.0448","0.0448"
"592","0.0971","0.0971","0.0971"
"593","0.0923","0.0923","0.0923"
"594","0.06","0.06","0.06"
"595","0.1108","0.1108","0.1108"
"596","0.1017","0.1017","0.1017"
"597","0.0429","0.0429","0.0429"
"598","0.0954","0.0954","0.0954"
"599","0.0446","0.0446","0.0446"
"600","0.0478","0.0478","0.0478"
"601","0.0652","0.0652","0.0652"
"602","0.1374","0.1374","0.1374"
"603","0.0527","0.0527","0.0527"
"604","0.0728","0.0728","0.0728"
"605","0.0417","0.0417","0.0417"
"606","0.085","0.085","0.085"
"607","0.0646","0.0646","0.0646"
"608","0.0606","0.0606","0.0606"
"609","0.0868","0.0868","0.0868"
"610","0.0731","0.0731","0.0731"
"611","0.0555","0.0555","0.0555"
"612","0.0633","0.0633","0.0633"
"613","0.1393","0.1393","0.1393"
"614","0.0856","0.0856","0.0856"
"615","0.0744","0.0744","0.0744"
"616","0.0519","0.0519","0.0519"
"617","0.0915","0.0915","0.0915"
"618","0.0865","0.0865","0.0865"
"619","0.0877","0.0877","0.0877"
"620","0.0775","0.0775","0.0775"
"621","0.1018","0.1018","0.1018"
"622","0.1411","0.1411","0.1411"
"623","0.1113","0.1113","0.1113"
"624","0.0681","0.0681","0.0681"
"625","0.1139","0.1139","0.1139"
"626","0.0596","0.0596","0.0596"
"627","0.0898","0.0898","0.0898"
"628","0.0711","0.0711","0.0711"
"629","0.068","0.068","0.068"
"630","0.0739","0.0739","0.0739"
"631","0.0516","0.0516","0.0516"
"632","0.1658","0.1658","0.1658"
"633","0.0671","0.0671","0.0671"
"634","0.0619","0.0619","0.0619"
"635","0.0269","0.0269","0.0269"
"636","0.085","0.085","0.085"
"637","0.1205","0.1205","0.1205"
"638","0.0385","0.0385","0.0385"
"639","0.0997","0.0997","0.0997"
"640","0.0927","0.0927","0.0927"
"641","0.0645","0.0645","0.0645"
"642","0.0815","0.0815","0.0815"
"643","0.1188","0.1188","0.1188"
"644","0.0535","0.0535","0.0535"
"645","0.0766","0.0766","0.0766"
"646","0.0807","0.0807","0.0807"
"647","0.0846","0.0846","0.0846"
"648","0.0572","0.0572","0.0572"
"649","0.0941","0.0941","0.0941"
"650","0.0333","0.0333","0.0333"
"651","0.1315","0.1315","0.1315"
"652","0.0601","0.0601","0.0601"
"653","0.0394","0.0394","0.0394"
"654","0.0345","0.0345","0.0345"
"655","0.0134","0.0134","0.0134"
"656","0.0669","0.0669","0.0669"
"657","0.0685","0.0685","0.0685"
"658","0.0143","0.0143","0.0143"
"659","0.0606","0.0606","0.0606"
"660","0.1298","0.1298","0.1298"
"661","0.0669","0.0669","0.0669"
"662","0.0475","0.0475","0.0475"
"663","0.0297","0.0297","0.0297"
"664","0.0108","0.0108","0.0108"
"665","0.0204","0.0204","0.0204"
"666","0.0715","0.0715","0.0715"
"667","0.0992","0.0992","0.0992"
"668","0.053","0.053","0.053"
"669","0.0267","0.0267","0.0267"
"670","0.1164","0.1164","0.1164"
"671","0.0625","0.0625","0.0625"
"672","0.0147","0.0147","0.0147"
"673","0.0236","0.0236","0.0236"
"674","0.1048","0.1048","0.1048"
"675","0.0337","0.0337","0.0337"
"676","0.0661","0.0661","0.0661"
"677","0.0899","0.0899","0.0899"
"678","0.0105","0.0105","0.0105"
"679","0.043","0.043","0.043"
"680","0.0497","0.0497","0.0497"
"681","0.0991","0.0991","0.0991"
"682","0.0464","0.0464","0.0464"
"683","0.0219","0.0219","0.0219"
"684","0.0498","0.0498","0.0498"
"685","0.1138","0.1138","0.1138"
"686","0.0189","0.0189","0.0189"
"687","0.0808","0.0808","0.0808"
"688","0.086","0.086","0.086"
"689","0.0576","0.0576","0.0576"
"690","0.0809","0.0809","0.0809"
"691","0.0795","0.0795","0.0795"
"692","0.1225","0.1225","0.1225"
"693","0.0178","0.0178","0.0178"
"694","0.0458","0.0458","0.0458"
"695","0.0408","0.0408","0.0408"
"696","0.0242","0.0242","0.0242"
"697","0.0589","0.0589","0.0589"
"698","0.1146","0.1146","0.1146"
"699","0.092","0.092","0.092"
"700","0.0743","0.0743","0.0743"
"701","0.0658","0.0658","0.0658"
"702","0.043","0.043","0.043"
"703","0.0502","0.0502","0.0502"
"704","0.0424","0.0424","0.0424"
"705","0.0333","0.0333","0.0333"
"706","0.0675","0.0675","0.0675"
"707","0.0178","0.0178","0.0178"
"708","0.0678","0.0678","0.0678"
"709","0.0337","0.0337","0.0337"
"710","0.0836","0.0836","0.0836"
"711","0.061","0.061","0.061"
"712","0.0552","0.0552","0.0552"
"713","0.0435","0.0435","0.0435"
"714","0.0084","0.0084","0.0084"
"715","0.0384","0.0384","0.0384"
"716","0.0346","0.0346","0.0346"
"717","0.0578","0.0578","0.0578"
"718","0.0837","0.0837","0.0837"
"719","0.0699","0.0699","0.0699"
"720","0.0159","0.0159","0.0159"
"721","0.0447","0.0447","0.0447"
"722","0.0143","0.0143","0.0143"
"723","0.0501","0.0501","0.0501"
"724","0.0372","0.0372","0.0372"
"725","0.0182","0.0182","0.0182"
"726","0.0441","0.0441","0.0441"
"727","0.0202","0.0202","0.0202"
"728","0.0097","0.0097","0.0097"
"729","0.0216","0.0216","0.0216"
"730","0.0428","0.0428","0.0428"
"731","0.041","0.041","0.041"
"732","0.0501","0.0501","0.0501"
"733","0.0482","0.0482","0.0482"
"734","0.0287","0.0287","0.0287"
"735","0.0455","0.0455","0.0455"
"736","0.0284","0.0284","0.0284"
"737","0.0715","0.0715","0.0715"
"738","0.0944","0.0944","0.0944"
"739","0.0379","0.0379","0.0379"
"740","0.0451","0.0451","0.0451"
"741","0.0417","0.0417","0.0417"
"742","0.0166","0.0166","0.0166"
"743","0.0728","0.0728","0.0728"
"744","0.011","0.011","0.011"
"745","0.0862","0.0862","0.0862"
"746","0.0748","0.0748","0.0748"
"747","0.021","0.021","0.021"
"748","0.066","0.066","0.066"
"749","0.0458","0.0458","0.0458"
"750","0.0722","0.0722","0.0722"
"751","0.0467","0.0467","0.0467"
"752","0.0317","0.0317","0.0317"
"753","0.0362","0.0362","0.0362"
"754","0.1358","0.1358","0.1358"
"755","0.0481","0.0481","0.0481"
"756","0.0509","0.0509","0.0509"
"757","0.0345","0.0345","0.0345"
"758","0.0305","0.0305","0.0305"
"759","0.0317","0.0317","0.0317"
"760","0.0732","0.0732","0.0732"
"761","0.1154","0.1154","0.1154"
"762","0.0669","0.0669","0.0669"
"763","0.0928","0.0928","0.0928"
"764","0.0501","0.0501","0.0501"
"765","0.0629","0.0629","0.0629"
"766","0.0254","0.0254","0.0254"
"767","0.1118","0.1118","0.1118"
"768","0.0503","0.0503","0.0503"
"769","0.0693","0.0693","0.0693"
"770","0.0352","0.0352","0.0352"
"771","0.0514","0.0514","0.0514"
"772","0.0973","0.0973","0.0973"
"773","0.011","0.011","0.011"
"774","0.0489","0.0489","0.0489"
"775","0.0297","0.0297","0.0297"
"776","0.0841","0.0841","0.0841"
"777","0.0304","0.0304","0.0304"
"778","0.024","0.024","0.024"
"779","0.0569","0.0569","0.0569"
"780","0.056","0.056","0.056"
"781","0.0579","0.0579","0.0579"
"782","0.0812","0.0812","0.0812"
"783","0.0157","0.0157","0.0157"
"784","0.1055","0.1055","0.1055"
"785","0.0493","0.0493","0.0493"
"786","0.1299","0.1299","0.1299"
"787","0.0564","0.0564","0.0564"
"788","0.0391","0.0391","0.0391"
"789","0.0733","0.0733","0.0733"
"790","0.0481","0.0481","0.0481"
"791","0.0155","0.0155","0.0155"
"792","0.0425","0.0425","0.0425"
"793","0.0515","0.0515","0.0515"
"794","0.0546","0.0546","0.0546"
"795","0.0921","0.0921","0.0921"
"796","0.0161","0.0161","0.0161"
"797","0.0311","0.0311","0.0311"
"798","0.0323","0.0323","0.0323"
"799","0.0221","0.0221","0.0221"
"800","0.0372","0.0372","0.0372"
"801","0.0178","0.0178","0.0178"
"802","0.0263","0.0263","0.0263"
"803","0.02","0.02","0.02"
"804","0.0537","0.0537","0.0537"
"805","0.0743","0.0743","0.0743"
"806","0.0165","0.0165","0.0165"
"807","0.0267","0.0267","0.0267"
"808","0.0533","0.0533","0.0533"
"809","0.0505","0.0505","0.0505"
"810","0.0258","0.0258","0.0258"
"811","0.0681","0.0681","0.0681"
"812","0.041","0.041","0.041"
"813","0.0244","0.0244","0.0244"
"814","0.007","0.007","0.007"
"815","0.0508","0.0508","0.0508"
"816","0.0517","0.0517","0.0517"
"817","0.0387","0.0387","0.0387"
"818","0.039","0.039","0.039"
"819","0.0617","0.0617","0.0617"
"820","0.0108","0.0108","0.0108"
"821","0.0048","0.0048","0.0048"
"822","0.0814","0.0814","0.0814"
"823","0.0213","0.0213","0.0213"
"824","0.0461","0.0461","0.0461"
"825","0.0608","0.0608","0.0608"
"826","0.0117","0.0117","0.0117"
"827","0.0732","0.0732","0.0732"
"828","0.0531","0.0531","0.0531"
"829","0.0187","0.0187","0.0187"
"830","0.0272","0.0272","0.0272"
"831","0.0399","0.0399","0.0399"
"832","0.0238","0.0238","0.0238"
"833","0.0288","0.0288","0.0288"
"834","0.0852","0.0852","0.0852"
"835","0.041","0.041","0.041"
"836","0.0563","0.0563","0.0563"
"837","0.0469","0.0469","0.0469"
"838","0.0148","0.0148","0.0148"
"839","0.0464","0.0464","0.0464"
"840","0.043","0.043","0.043"
"841","0.0133","0.0133","0.0133"
"842","0.0386","0.0386","0.0386"
"843","0.0161","0.0161","0.0161"
"844","0.0101","0.0101","0.0101"
"845","0.0572","0.0572","0.0572"
"846","0.0945","0.0945","0.0945"
"847","0.0656","0.0656","0.0656"
"848","0.0169","0.0169","0.0169"
"849","0.0507","0.0507","0.0507"
"850","0.0893","0.0893","0.0893"
"851","0.0469","0.0469","0.0469"
"852","0.03","0.03","0.03"
"853","0.0659","0.0659","0.0659"
"854","0.0764","0.0764","0.0764"
"855","0.0108","0.0108","0.0108"
"856","0.0037","0.0037","0.0037"
"857","0.0053","0.0053","0.0053"
"858","0.0216","0.0216","0.0216"
"859","0.0429","0.0429","0.0429"
"860","0.0139","0.0139","0.0139"
"861","0.0981","0.0981","0.0981"
"862","0.0093","0.0093","0.0093"
"863","0.0157","0.0157","0.0157"
"864","0.0683","0.0683","0.0683"
"865","0.0548","0.0548","0.0548"
"866","0.0397","0.0397","0.0397"
"867","0.0165","0.0165","0.0165"
"868","0.0148","0.0148","0.0148"
"869","0.1082","0.1082","0.1082"
"870","0.0078","0.0078","0.0078"
"871","0.0174","0.0174","0.0174"
"872","0.0134","0.0134","0.0134"
"873","0.0218","0.0218","0.0218"
"874","0.0183","0.0183","0.0183"
"875","0.0619","0.0619","0.0619"
"876","0.0657","0.0657","0.0657"
"877","0.0251","0.0251","0.0251"
"878","0.0446","0.0446","0.0446"
"879","0.0166","0.0166","0.0166"
"880","0.0416","0.0416","0.0416"
"881","0.0051","0.0051","0.0051"
"882","0.0416","0.0416","0.0416"
"883","0.0127","0.0127","0.0127"
"884","0.0735","0.0735","0.0735"
"885","0.0932","0.0932","0.0932"
"886","0.0308","0.0308","0.0308"
"887","0.0388","0.0388","0.0388"
"888","0.1005","0.1005","0.1005"
"889","0.0078","0.0078","0.0078"
"890","0.0422","0.0422","0.0422"
"891","0.0297","0.0297","0.0297"
"892","0.0279","0.0279","0.0279"
"893","0.0171","0.0171","0.0171"
"894","0.0191","0.0191","0.0191"
"895","0.0073","0.0073","0.0073"
"896","0.0277","0.0277","0.0277"
"897","0.1075","0.1075","0.1075"
"898","0.0211","0.0211","0.0211"
"899","0.0594","0.0594","0.0594"
"900","0.0193","0.0193","0.0193"
"901","0.0177","0.0177","0.0177"
"902","0.0334","0.0334","0.0334"
"903","0.005","0.005","0.005"
"904","0.0056","0.0056","0.0056"
"905","0.0702","0.0702","0.0702"
"906","0.0119","0.0119","0.0119"
"907","0.0417","0.0417","0.0417"
"908","0.0125","0.0125","0.0125"
"909","0.0573","0.0573","0.0573"
"910","0.0996","0.0996","0.0996"
"911","0.0799","0.0799","0.0799"
"912","0.045","0.045","0.045"
"913","0.0154","0.0154","0.0154"
"914","0.0063","0.0063","0.0063"
"915","0.0293","0.0293","0.0293"
"916","0.0213","0.0213","0.0213"
"917","0.0896","0.0896","0.0896"
"918","0.0307","0.0307","0.0307"
"919","0.0073","0.0073","0.0073"
"920","0.02","0.02","0.02"
"921","0.0244","0.0244","0.0244"
"922","0.0153","0.0153","0.0153"
"923","0.0136","0.0136","0.0136"
"924","0.0033","0.0033","0.0033"
"925","0.0318","0.0318","0.0318"
"926","0.015","0.015","0.015"
"927","0.0113","0.0113","0.0113"
"928","0.0189","0.0189","0.0189"
"929","0.0702","0.0702","0.0702"
"930","0.0023","0.0023","0.0023"
"931","0.0021","0.0021","0.0021"
"932","0.0036","0.0036","0.0036"
"933","0.009","0.009","0.009"
"934","0.0228","0.0228","0.0228"
"935","0.0256","0.0256","0.0256"
"936","0.043","0.043","0.043"
"937","0.0028","0.0028","0.0028"
"938","0.0705","0.0705","0.0705"
"939","0.0219","0.0219","0.0219"
"940","0.0282","0.0282","0.0282"
"941","0.0223","0.0223","0.0223"
"942","0.0528","0.0528","0.0528"
"943","0.0318","0.0318","0.0318"
"944","0.0076","0.0076","0.0076"
"945","0.0307","0.0307","0.0307"
"946","0.0064","0.0064","0.0064"
"947","0.0128","0.0128","0.0128"
"948","0.0255","0.0255","0.0255"
"949","0.051","0.051","0.051"
"950","0.0466","0.0466","0.0466"
"951","0.0067","0.0067","0.0067"
"952","0.0042","0.0042","0.0042"
"953","0.0099","0.0099","0.0099"
"954","0.0105","0.0105","0.0105"
"955","0.0305","0.0305","0.0305"
"956","0.0058","0.0058","0.0058"
"957","0.0476","0.0476","0.0476"
"958","0.0069","0.0069","0.0069"
"959","0.0078","0.0078","0.0078"
"960","0.0049","0.0049","0.0049"
"961","0.0502","0.0502","0.0502"
"962","0.0405","0.0405","0.0405"
"963","0.0579","0.0579","0.0579"
"964","0.0063","0.0063","0.0063"
"965","0.0067","0.0067","0.0067"
"966","0.0522","0.0522","0.0522"
"967","0.0419","0.0419","0.0419"
"968","0.0948","0.0948","0.0948"
"969","0.0203","0.0203","0.0203"
"970","0.0158","0.0158","0.0158"
"971","0.0386","0.0386","0.0386"
"972","0.1225","0.1225","0.1225"
"973","0.0572","0.0572","0.0572"
"974","0.0802","0.0802","0.0802"
"975","0.0141","0.0141","0.0141"
"976","0.004","0.004","0.004"
"977","0.0249","0.0249","0.0249"
"978","0.0082","0.0082","0.0082"
"979","0.0431","0.0431","0.0431"
"980","0.0176","0.0176","0.0176"
"981","0.0657","0.0657","0.0657"
"982","0.0768","0.0768","0.0768"
"983","0.084","0.084","0.084"
"984","0.0208","0.0208","0.0208"
"985","0.0351","0.0351","0.0351"
"986","0.0297","0.0297","0.0297"
"987","0.0103","0.0103","0.0103"
"988","0.0222","0.0222","0.0222"
"989","0.0141","0.0141","0.0141"
"990","0.058","0.058","0.058"
"991","0.0579","0.0579","0.0579"
"992","0.0292","0.0292","0.0292"
"993","0.0437","0.0437","0.0437"
"994","0.0042","0.0042","0.0042"
"995","0.002","0.002","0.002"
"996","0.0159","0.0159","0.0159"
"997","0.0471","0.0471","0.0471"
"998","0.0062","0.0062","0.0062"
"999","0.0095","0.0095","0.0095"
"1000","0.0585","0.0585","0.0585"
"1001","0.0061","0.0061","0.0061"
"1002","0.0112","0.0112","0.0112"
"1003","0.0183","0.0183","0.0183"
"1004","0.0113","0.0113","0.0113"
"1005","0.0124","0.0124","0.0124"
"1006","0.0659","0.0659","0.0659"
"1007","0.0138","0.0138","0.0138"
"1008","0.0022","0.0022","0.0022"
"1009","0.0175","0.0175","0.0175"
"1010","0.0774","0.0774","0.0774"
"1011","0.045","0.045","0.045"
"1012","0.01","0.01","0.01"
"1013","0.1164","0.1164","0.1164"
"1014","0.034","0.034","0.034"
"1015","0.0694","0.0694","0.0694"
"1016","0.0127","0.0127","0.0127"
"1017","0.0414","0.0414","0.0414"
"1018","0.0076","0.0076","0.0076"
"1019","0.0045","0.0045","0.0045"
"1020","0.0881","0.0881","0.0881"
"1021","0.0117","0.0117","0.0117"
"1022","0.031","0.031","0.031"
"1023","0.0046","0.0046","0.0046"
"1024","0.0088","0.0088","0.0088"
"1025","0.0182","0.0182","0.0182"
"1026","0.033","0.033","0.033"
"1027","0.0214","0.0214","0.0214"
"1028","0.0729","0.0729","0.0729"
"1029","0.0534","0.0534","0.0534"
"1030","0.0261","0.0261","0.0261"
"1031","0.0103","0.0103","0.0103"
"1032","0.0055","0.0055","0.0055"
"1033","0.0208","0.0208","0.0208"
"1034","0.0096","0.0096","0.0096"
"1035","0.0371","0.0371","0.0371"
"1036","0.0205","0.0205","0.0205"
"1037","0.0326","0.0326","0.0326"
"1038","0.0297","0.0297","0.0297"
"1039","0.0635","0.0635","0.0635"
"1040","0.0103","0.0103","0.0103"
"1041","0.0148","0.0148","0.0148"
"1042","0.0471","0.0471","0.0471"
"1043","0.051","0.051","0.051"
"1044","0.0053","0.0053","0.0053"
"1045","0.0477","0.0477","0.0477"
"1046","0.0294","0.0294","0.0294"
"1047","0.0407","0.0407","0.0407"
"1048","0.0029","0.0029","0.0029"
"1049","0.0238","0.0238","0.0238"
"1050","0.0236","0.0236","0.0236"
"1051","0.0036","0.0036","0.0036"
"1052","0.0268","0.0268","0.0268"
"1053","0.0063","0.0063","0.0063"
"1054","0.0111","0.0111","0.0111"
"1055","0.0259","0.0259","0.0259"
"1056","0.0049","0.0049","0.0049"
"1057","0.0037","0.0037","0.0037"
"1058","0.034","0.034","0.034"
"1059","0.029","0.029","0.029"
"1060","0.0128","0.0128","0.0128"
"1061","0.0043","0.0043","0.0043"
"1062","0.0044","0.0044","0.0044"
"1063","0.0537","0.0537","0.0537"
"1064","0.0045","0.0045","0.0045"
"1065","0.0358","0.0358","0.0358"
"1066","0.0165","0.0165","0.0165"
"1067","0.0146","0.0146","0.0146"
"1068","0.0047","0.0047","0.0047"
"1069","0.0028","0.0028","0.0028"
"1070","0.0035","0.0035","0.0035"
"1071","0.0147","0.0147","0.0147"
"1072","0.0019","0.0019","0.0019"
"1073","0.021","0.021","0.021"
"1074","0.0558","0.0558","0.0558"
"1075","0.0357","0.0357","0.0357"
"1076","0.0443","0.0443","0.0443"
"1077","0.0048","0.0048","0.0048"
"1078","0.0713","0.0713","0.0713"
"1079","0.0321","0.0321","0.0321"
"1080","0.006","0.006","0.006"
"1081","0.0438","0.0438","0.0438"
"1082","0.0094","0.0094","0.0094"
"1083","0.0449","0.0449","0.0449"
"1084","0.0021","0.0021","0.0021"
"1085","0.0381","0.0381","0.0381"
"1086","0.0377","0.0377","0.0377"
"1087","0.015","0.015","0.015"
"1088","0.0022","0.0022","0.0022"
"1089","0.0025","0.0025","0.0025"
"1090","0.0385","0.0385","0.0385"
"1091","0.0133","0.0133","0.0133"
"1092","0.0186","0.0186","0.0186"
"1093","0.0325","0.0325","0.0325"
"1094","0.0401","0.0401","0.0401"
"1095","0.026","0.026","0.026"
"1096","0.0021","0.0021","0.0021"
"1097","0.0055","0.0055","0.0055"
"1098","0.0422","0.0422","0.0422"
"1099","0.011","0.011","0.011"
"1100","0.0313","0.0313","0.0313"
"1101","0.0262","0.0262","0.0262"
"1102","0.0542","0.0542","0.0542"
"1103","0.0061","0.0061","0.0061"
"1104","0.0044","0.0044","0.0044"
"1105","0.0023","0.0023","0.0023"
"1106","0.0015","0.0015","0.0015"
"1107","0.0488","0.0488","0.0488"
"1108","0.0057","0.0057","0.0057"
"1109","0.0201","0.0201","0.0201"
"1110","0.0035","0.0035","0.0035"
"1111","0.0043","0.0043","0.0043"
"1112","0.0432","0.0432","0.0432"
"1113","0.0106","0.0106","0.0106"
"1114","0.008","0.008","0.008"
"1115","0.0344","0.0344","0.0344"
"1116","0.0336","0.0336","0.0336"
"1117","0.0529","0.0529","0.0529"
"1118","0.0326","0.0326","0.0326"
"1119","0.0112","0.0112","0.0112"
"1120","0.0517","0.0517","0.0517"
"1121","0.0082","0.0082","0.0082"
"1122","0.0462","0.0462","0.0462"
"1123","0.0057","0.0057","0.0057"
"1124","0.0204","0.0204","0.0204"
"1125","0.0403","0.0403","0.0403"
"1126","0.0022","0.0022","0.0022"
"1127","0.0236","0.0236","0.0236"
"1128","0.0921","0.0921","0.0921"
"1129","0.0274","0.0274","0.0274"
"1130","0.0134","0.0134","0.0134"
"1131","0.012","0.012","0.012"
"1132","0.059","0.059","0.059"
"1133","0.036","0.036","0.036"
"1134","0.0061","0.0061","0.0061"
"1135","0.0025","0.0025","0.0025"
"1136","0.0535","0.0535","0.0535"
"1137","0.0022","0.0022","0.0022"
"1138","0.0637","0.0637","0.0637"
"1139","0.0028","0.0028","0.0028"
"1140","0.0488","0.0488","0.0488"
"1141","0.0174","0.0174","0.0174"
"1142","0.0123","0.0123","0.0123"
"1143","0.0438","0.0438","0.0438"
"1144","0.0148","0.0148","0.0148"
"1145","0.0039","0.0039","0.0039"
"1146","0.015","0.015","0.015"
"1147","0.0046","0.0046","0.0046"
"1148","0.0257","0.0257","0.0257"
"1149","0.0124","0.0124","0.0124"
"1150","0.0289","0.0289","0.0289"
"1151","0.0026","0.0026","0.0026"
"1152","0.005","0.005","0.005"
"1153","0.0109","0.0109","0.0109"
"1154","0.0037","0.0037","0.0037"
"1155","0.0277","0.0277","0.0277"
"1156","0.0111","0.0111","0.0111"
"1157","0.0038","0.0038","0.0038"
"1158","0.0701","0.0701","0.0701"
"1159","0.0073","0.0073","0.0073"
"1160","0.0048","0.0048","0.0048"
"1161","0.0079","0.0079","0.0079"
"1162","0.0458","0.0458","0.0458"
"1163","0.0039","0.0039","0.0039"
"1164","0.0025","0.0025","0.0025"
"1165","0.0034","0.0034","0.0034"
"1166","0.008","0.008","0.008"
"1167","0.0026","0.0026","0.0026"
"1168","0.0732","0.0732","0.0732"
"1169","0.0028","0.0028","0.0028"
"1170","0.0562","0.0562","0.0562"
"1171","0.0031","0.0031","0.0031"
"1172","0.0037","0.0037","0.0037"
"1173","0.0683","0.0683","0.0683"
"1174","0.0037","0.0037","0.0037"
"1175","0.0074","0.0074","0.0074"
"1176","0.0035","0.0035","0.0035"
"1177","0.0487","0.0487","0.0487"
"1178","0.002","0.002","0.002"
"1179","0.0017","0.0017","0.0017"
"1180","0.0059","0.0059","0.0059"
"1181","0.0027","0.0027","0.0027"
"1182","0.0063","0.0063","0.0063"
"1183","0.0099","0.0099","0.0099"
"1184","0.0306","0.0306","0.0306"
"1185","0.0044","0.0044","0.0044"
"1186","0.0018","0.0018","0.0018"
"1187","0.0084","0.0084","0.0084"
"1188","0.0397","0.0397","0.0397"
"1189","0.0062","0.0062","0.0062"
"1190","0.0393","0.0393","0.0393"
"1191","0.0019","0.0019","0.0019"
"1192","0.0016","0.0016","0.0016"
"1193","0.0012","0.0012","0.0012"
"1194","0.0014","0.0014","0.0014"
"1195","0.0264","0.0264","0.0264"
"1196","0.0126","0.0126","0.0126"
"1197","0.0113","0.0113","0.0113"
"1198","0.0018","0.0018","0.0018"
"1199","0.0354","0.0354","0.0354"
"1200","0.0346","0.0346","0.0346"
"1201","0.0042","0.0042","0.0042"
"1202","0.0026","0.0026","0.0026"
"1203","0.0489","0.0489","0.0489"
"1204","0.0382","0.0382","0.0382"
"1205","0.0805","0.0805","0.0805"
"1206","0.0014","0.0014","0.0014"
"1207","0.0023","0.0023","0.0023"
"1208","0.0118","0.0118","0.0118"
"1209","0.0087","0.0087","0.0087"
"1210","0.0078","0.0078","0.0078"
"1211","0.0043","0.0043","0.0043"
"1212","0.0154","0.0154","0.0154"
"1213","0.0028","0.0028","0.0028"
"1214","0.0525","0.0525","0.0525"
"1215","0.0089","0.0089","0.0089"
"1216","0.0055","0.0055","0.0055"
"1217","0.0071","0.0071","0.0071"
"1218","0.0018","0.0018","0.0018"
"1219","0.0313","0.0313","0.0313"
"1220","0.0016","0.0016","0.0016"
"1221","0.0106","0.0106","0.0106"
"1222","0.0194","0.0194","0.0194"
"1223","0.0015","0.0015","0.0015"
"1224","0.0368","0.0368","0.0368"
"1225","0.0418","0.0418","0.0418"
"1226","0.0017","0.0017","0.0017"
"1227","0.0012","0.0012","0.0012"
"1228","0.0336","0.0336","0.0336"
"1229","0.0036","0.0036","0.0036"
"1230","0.0043","0.0043","0.0043"
"1231","0.0513","0.0513","0.0513"
"1232","0.0018","0.0018","0.0018"
"1233","0.0077","0.0077","0.0077"
"1234","0.0024","0.0024","0.0024"
"1235","0.0011","0.0011","0.0011"
"1236","0.0015","0.0015","0.0015"
"1237","0.0092","0.0092","0.0092"
"1238","0.0278","0.0278","0.0278"
"1239","0.0321","0.0321","0.0321"
"1240","0.0228","0.0228","0.0228"
"1241","0.0055","0.0055","0.0055"
"1242","0.0021","0.0021","0.0021"
"1243","0.0226","0.0226","0.0226"
"1244","0.0087","0.0087","0.0087"
"1245","0.0271","0.0271","0.0271"
"1246","0.0031","0.0031","0.0031"
"1247","0.0191","0.0191","0.0191"
"1248","0.066","0.066","0.066"
"1249","0.0059","0.0059","0.0059"
"1250","0.0074","0.0074","0.0074"
"1251","0.0223","0.0223","0.0223"
"1252","0.0307","0.0307","0.0307"
"1253","0.0024","0.0024","0.0024"
"1254","0.0673","0.0673","0.0673"
"1255","0.0047","0.0047","0.0047"
"1256","0.0284","0.0284","0.0284"
"1257","0.0111","0.0111","0.0111"
"1258","0.0253","0.0253","0.0253"
"1259","0.0336","0.0336","0.0336"
"1260","0.0023","0.0023","0.0023"
"1261","0.052","0.052","0.052"
"1262","0.0077","0.0077","0.0077"
"1263","0.0378","0.0378","0.0378"
"1264","0.0166","0.0166","0.0166"
"1265","0.0056","0.0056","0.0056"
"1266","0.0032","0.0032","0.0032"
"1267","0.024","0.024","0.024"
"1268","0.0022","0.0022","0.0022"
"1269","0.0088","0.0088","0.0088"
"1270","0.0144","0.0144","0.0144"
"1271","0.0029","0.0029","0.0029"
"1272","0.0111","0.0111","0.0111"
"1273","0.0013","0.0013","0.0013"
"1274","0.0098","0.0098","0.0098"
"1275","0.0038","0.0038","0.0038"
"1276","0.0162","0.0162","0.0162"
"1277","0.0015","0.0015","0.0015"
"1278","0.002","0.002","0.002"
"1279","0.0714","0.0714","0.0714"
"1280","0.0285","0.0285","0.0285"
"1281","0.0024","0.0024","0.0024"
"1282","0.0017","0.0017","0.0017"
"1283","0.0027","0.0027","0.0027"
"1284","0.002","0.002","0.002"
"1285","0.0526","0.0526","0.0526"
"1286","0.0065","0.0065","0.0065"
"1287","0.003","0.003","0.003"
"1288","0.0291","0.0291","0.0291"
"1289","0.0014","0.0014","0.0014"
"1290","0.0446","0.0446","0.0446"
"1291","0.0015","0.0015","0.0015"
"1292","0.0021","0.0021","0.0021"
"1293","0.0288","0.0288","0.0288"
"1294","0.002","0.002","0.002"
"1295","0.0053","0.0053","0.0053"
"1296","0.0039","0.0039","0.0039"
"1297","0.0035","0.0035","0.0035"
"1298","0.0567","0.0567","0.0567"
"1299","0.0022","0.0022","0.0022"
"1300","0.026","0.026","0.026"
"1301","0.0115","0.0115","0.0115"
"1302","0.0024","0.0024","0.0024"
"1303","0.0018","0.0018","0.0018"
"1304","0.0365","0.0365","0.0365"
"1305","0.0516","0.0516","0.0516"
"1306","0.0262","0.0262","0.0262"
"1307","0.0061","0.0061","0.0061"
"1308","0.0014","0.0014","0.0014"
"1309","0.0015","0.0015","0.0015"
"1310","0.0041","0.0041","0.0041"